fold,test_start_utc,test_end_exclusive_utc,train_samples,test_samples,last_train_label_utc,first_test_entry_utc,partial_last_window,horizon_hours
1,2023-07-09T08:00:00+00:00,2023-09-07T08:00:00+00:00,124,41,2023-07-08T12:00:00+00:00,2023-07-11T08:00:00+00:00,False,4
2,2023-09-07T08:00:00+00:00,2023-11-06T08:00:00+00:00,123,43,2023-09-06T12:00:00+00:00,2023-09-07T08:00:00+00:00,False,4
3,2023-11-06T08:00:00+00:00,2024-01-05T08:00:00+00:00,125,40,2023-11-04T12:00:00+00:00,2023-11-07T08:00:00+00:00,False,4
4,2024-01-05T08:00:00+00:00,2024-03-05T08:00:00+00:00,124,40,2024-01-04T12:00:00+00:00,2024-01-05T08:00:00+00:00,False,4
5,2024-03-05T08:00:00+00:00,2024-05-04T08:00:00+00:00,123,43,2024-03-02T12:00:00+00:00,2024-03-05T08:00:00+00:00,False,4
6,2024-05-04T08:00:00+00:00,2024-07-03T08:00:00+00:00,123,40,2024-05-03T12:00:00+00:00,2024-05-04T08:00:00+00:00,False,4
7,2024-07-03T08:00:00+00:00,2024-09-01T08:00:00+00:00,123,43,2024-07-02T12:00:00+00:00,2024-07-03T08:00:00+00:00,False,4
8,2024-09-01T08:00:00+00:00,2024-10-31T08:00:00+00:00,126,41,2024-08-31T12:00:00+00:00,2024-09-04T08:00:00+00:00,False,4
9,2024-10-31T08:00:00+00:00,2024-12-30T08:00:00+00:00,124,41,2024-10-30T12:00:00+00:00,2024-10-31T08:00:00+00:00,False,4
10,2024-12-30T08:00:00+00:00,2025-02-28T08:00:00+00:00,125,39,2024-12-28T12:00:00+00:00,2024-12-31T08:00:00+00:00,False,4
11,2025-02-28T08:00:00+00:00,2025-04-29T08:00:00+00:00,121,41,2025-02-27T12:00:00+00:00,2025-02-28T08:00:00+00:00,False,4
12,2025-04-29T08:00:00+00:00,2025-06-28T08:00:00+00:00,121,42,2025-04-26T12:00:00+00:00,2025-04-29T08:00:00+00:00,False,4
13,2025-06-28T08:00:00+00:00,2025-08-27T08:00:00+00:00,122,41,2025-06-27T12:00:00+00:00,2025-06-28T08:00:00+00:00,False,4
14,2025-08-27T08:00:00+00:00,2025-10-26T08:00:00+00:00,124,43,2025-08-26T12:00:00+00:00,2025-08-27T08:00:00+00:00,False,4
15,2025-10-26T08:00:00+00:00,2025-12-25T08:00:00+00:00,126,41,2025-10-25T12:00:00+00:00,2025-10-28T08:00:00+00:00,False,4
16,2025-12-25T08:00:00+00:00,2026-02-23T08:00:00+00:00,125,39,2025-12-24T12:00:00+00:00,2025-12-25T08:00:00+00:00,False,4
17,2026-02-23T08:00:00+00:00,2026-04-24T08:00:00+00:00,123,42,2026-02-21T12:00:00+00:00,2026-02-24T08:00:00+00:00,False,4
18,2026-04-24T08:00:00+00:00,2026-06-23T08:00:00+00:00,122,40,2026-04-23T12:00:00+00:00,2026-04-24T08:00:00+00:00,False,4
19,2026-06-23T08:00:00+00:00,2026-08-22T08:00:00+00:00,121,43,2026-06-19T12:00:00+00:00,2026-06-23T08:00:00+00:00,False,4
20,2026-08-22T08:00:00+00:00,2026-10-21T08:00:00+00:00,125,34,2026-08-21T12:00:00+00:00,2026-08-22T08:00:00+00:00,True,4
1,2023-07-09T08:00:00+00:00,2023-09-07T08:00:00+00:00,123,41,2023-07-08T08:00:00+00:00,2023-07-11T08:00:00+00:00,False,24
2,2023-09-07T08:00:00+00:00,2023-11-06T08:00:00+00:00,122,43,2023-09-03T08:00:00+00:00,2023-09-07T08:00:00+00:00,False,24
3,2023-11-06T08:00:00+00:00,2024-01-05T08:00:00+00:00,125,40,2023-11-05T08:00:00+00:00,2023-11-07T08:00:00+00:00,False,24
4,2024-01-05T08:00:00+00:00,2024-03-05T08:00:00+00:00,123,40,2024-01-04T08:00:00+00:00,2024-01-05T08:00:00+00:00,False,24
5,2024-03-05T08:00:00+00:00,2024-05-04T08:00:00+00:00,123,43,2024-03-03T08:00:00+00:00,2024-03-05T08:00:00+00:00,False,24
6,2024-05-04T08:00:00+00:00,2024-07-03T08:00:00+00:00,122,40,2024-05-03T08:00:00+00:00,2024-05-04T08:00:00+00:00,False,24
7,2024-07-03T08:00:00+00:00,2024-09-01T08:00:00+00:00,122,43,2024-06-30T08:00:00+00:00,2024-07-03T08:00:00+00:00,False,24
8,2024-09-01T08:00:00+00:00,2024-10-31T08:00:00+00:00,125,41,2024-08-31T08:00:00+00:00,2024-09-04T08:00:00+00:00,False,24
9,2024-10-31T08:00:00+00:00,2024-12-30T08:00:00+00:00,123,41,2024-10-30T08:00:00+00:00,2024-10-31T08:00:00+00:00,False,24
10,2024-12-30T08:00:00+00:00,2025-02-28T08:00:00+00:00,125,39,2024-12-29T08:00:00+00:00,2024-12-31T08:00:00+00:00,False,24
11,2025-02-28T08:00:00+00:00,2025-04-29T08:00:00+00:00,120,41,2025-02-27T08:00:00+00:00,2025-02-28T08:00:00+00:00,False,24
12,2025-04-29T08:00:00+00:00,2025-06-28T08:00:00+00:00,121,42,2025-04-27T08:00:00+00:00,2025-04-29T08:00:00+00:00,False,24
13,2025-06-28T08:00:00+00:00,2025-08-27T08:00:00+00:00,121,41,2025-06-27T08:00:00+00:00,2025-06-28T08:00:00+00:00,False,24
14,2025-08-27T08:00:00+00:00,2025-10-26T08:00:00+00:00,123,43,2025-08-24T08:00:00+00:00,2025-08-27T08:00:00+00:00,False,24
15,2025-10-26T08:00:00+00:00,2025-12-25T08:00:00+00:00,125,41,2025-10-25T08:00:00+00:00,2025-10-28T08:00:00+00:00,False,24
16,2025-12-25T08:00:00+00:00,2026-02-23T08:00:00+00:00,124,39,2025-12-24T08:00:00+00:00,2025-12-25T08:00:00+00:00,False,24
17,2026-02-23T08:00:00+00:00,2026-04-24T08:00:00+00:00,123,42,2026-02-22T08:00:00+00:00,2026-02-24T08:00:00+00:00,False,24
18,2026-04-24T08:00:00+00:00,2026-06-23T08:00:00+00:00,121,40,2026-04-23T08:00:00+00:00,2026-04-24T08:00:00+00:00,False,24
19,2026-06-23T08:00:00+00:00,2026-08-22T08:00:00+00:00,121,43,2026-06-20T08:00:00+00:00,2026-06-23T08:00:00+00:00,False,24
20,2026-08-22T08:00:00+00:00,2026-10-21T08:00:00+00:00,124,33,2026-08-21T08:00:00+00:00,2026-08-22T08:00:00+00:00,True,24
