horizon_hours,fold,model,samples,mae_bps,direction_accuracy_pct,toy_trades,toy_net_return_pct,toy_same_trades_zero_cost_return_pct,toy_max_drawdown_pct,toy_exposure_pct
4,1,btc_only,41,21.338313307167155,46.34146341463415,0,0.0,0.0,0.0,30.0
4,1,btc_plus_all,41,39.85183074297728,46.34146341463415,26,-2.088576090012495,0.22758288689312955,2.088576090012495,30.0
4,1,btc_plus_dxy,41,23.114117049652144,39.02439024390244,0,0.0,0.0,0.0,30.0
4,1,btc_plus_gold,41,29.214779606360988,43.90243902439025,7,-0.6181912081138607,0.009248542156292672,0.634813856554528,30.0
4,1,btc_plus_ndx,41,22.61728114279076,41.46341463414634,1,-0.196407322466019,-0.10686227162968187,0.196407322466019,30.0
4,1,btc_plus_vix,41,23.31217932225771,39.02439024390244,0,0.0,0.0,0.0,30.0
4,1,training_mean,41,23.69856280787981,46.34146341463415,0,0.0,0.0,0.0,30.0
4,1,zero_return,41,20.347902815391812,53.65853658536586,0,0.0,0.0,0.0,30.0
4,2,btc_only,43,52.273839100072905,55.81395348837209,5,0.06486889766130766,0.5167822870059124,0.56008153311351,30.0
4,2,btc_plus_all,43,56.670500047930496,53.48837209302325,11,0.6973250913804296,1.7017088402339065,0.56008153311351,30.0
4,2,btc_plus_dxy,43,53.16307568023205,55.81395348837209,5,0.06486889766130766,0.5167822870059124,0.56008153311351,30.0
4,2,btc_plus_gold,43,53.1819275872767,53.48837209302325,6,0.5885412257494504,1.1350010684529455,0.5600815331134879,30.0
4,2,btc_plus_ndx,43,54.96987713902222,53.48837209302325,10,-0.32431503085340596,0.5770719690353143,0.560081533113499,30.0
4,2,btc_plus_vix,43,52.70470221514755,62.7906976744186,10,0.5558839331407217,1.46710443456044,0.560081533113499,30.0
4,2,training_mean,43,56.04626466194166,60.46511627906976,0,0.0,0.0,0.0,30.0
4,2,zero_return,43,56.045267498945314,39.53488372093023,0,0.0,0.0,0.0,30.0
4,3,btc_only,40,61.31403089120231,60.0,2,-0.5512327399517125,-0.3730358656386157,0.5642259928111404,30.0
4,3,btc_plus_all,40,65.41520277782867,57.49999999999999,23,-1.6867249560378994,0.368144128640302,1.8821538343200106,30.0
4,3,btc_plus_dxy,40,61.605309198496,60.0,2,-0.3174830944411622,-0.13837539237696594,0.5642259928111404,30.0
4,3,btc_plus_gold,40,60.71738550986912,60.0,8,-0.8237845756461137,-0.10812522204249886,0.913201115511153,30.0
4,3,btc_plus_ndx,40,61.02710727562799,57.49999999999999,4,-0.10588630223630213,0.25453217029751674,0.5642259928111404,30.0
4,3,btc_plus_vix,40,59.950061712547615,60.0,6,-0.2010787720784446,0.33943391963187075,0.5642259928111404,30.0
4,3,training_mean,40,60.99204393001907,60.0,0,0.0,0.0,0.0,30.0
4,3,zero_return,40,61.429420487159184,40.0,0,0.0,0.0,0.0,30.0
4,4,btc_only,40,72.15687602285828,57.49999999999999,0,0.0,0.0,0.0,30.0
4,4,btc_plus_all,40,79.30368415037972,42.5,1,0.08812369991233471,0.17852362570078828,0.0,30.0
4,4,btc_plus_dxy,40,73.28661003719341,55.00000000000001,2,-0.2517626831914588,-0.07239690570612911,0.4396727424250346,30.0
4,4,btc_plus_gold,40,75.4256625266727,42.5,0,0.0,0.0,0.0,30.0
4,4,btc_plus_ndx,40,74.96164530052354,47.5,5,-0.11352645572690889,0.3372090408603201,0.4303048014190902,30.0
4,4,btc_plus_vix,40,75.42016861988273,42.5,7,0.1876496116522297,0.8218870708256443,0.21712543384709848,30.0
4,4,training_mean,40,70.92530635156201,60.0,0,0.0,0.0,0.0,30.0
4,4,zero_return,40,71.34112226312453,40.0,0,0.0,0.0,0.0,30.0
4,5,btc_only,43,72.40452704706814,55.81395348837209,1,0.14834980677449483,0.23893068221754188,0.0,30.0
4,5,btc_plus_all,43,76.34450911100053,51.162790697674424,11,-0.25326988579124077,0.7396346973491674,0.8720788162886461,30.0
4,5,btc_plus_dxy,43,73.96528452733219,53.48837209302325,9,-0.14751722561108238,0.6651147996761697,0.5780089355847395,30.0
4,5,btc_plus_gold,43,71.5371232257811,62.7906976744186,6,-0.04865457853795441,0.49300725980281346,0.5263721393010345,30.0
4,5,btc_plus_ndx,43,72.85061380172979,55.81395348837209,1,-0.003548598369274014,0.08657589751719375,0.003548598369274014,30.0
4,5,btc_plus_vix,43,73.31843839721495,48.837209302325576,3,0.2538888409847839,0.5257601844526505,0.08488952548675321,30.0
4,5,training_mean,43,75.27385965287715,48.837209302325576,0,0.0,0.0,0.0,30.0
4,5,zero_return,43,73.17209385687052,51.162790697674424,0,0.0,0.0,0.0,30.0
4,6,btc_only,40,37.62432027802979,55.00000000000001,2,0.08982982654199834,0.27053251639710396,0.0,30.0
4,6,btc_plus_all,40,51.10202964198951,35.0,3,-0.5968704546413406,-0.32909167828663044,0.5968704546413406,30.0
4,6,btc_plus_dxy,40,44.289497821785595,42.5,0,0.0,0.0,0.0,30.0
4,6,btc_plus_gold,40,53.2158777563267,40.0,0,0.0,0.0,0.0,30.0
4,6,btc_plus_ndx,40,47.64342125235961,42.5,0,0.0,0.0,0.0,30.0
4,6,btc_plus_vix,40,49.807538599120875,40.0,0,0.0,0.0,0.0,30.0
4,6,training_mean,40,38.85458122086674,62.5,0,0.0,0.0,0.0,30.0
4,6,zero_return,40,39.941593257910554,37.5,0,0.0,0.0,0.0,30.0
4,7,btc_only,43,59.45423856571866,48.837209302325576,7,-1.0170001422319386,-0.3929226190311219,1.0170001422319386,30.0
4,7,btc_plus_all,43,80.11469590785028,53.48837209302325,24,-1.6350959292203537,0.5114838203261085,2.3447047788152764,30.0
4,7,btc_plus_dxy,43,60.43629365248665,41.86046511627907,6,-1.0881232486330106,-0.5542814097602156,1.0881232486330106,30.0
4,7,btc_plus_gold,43,59.84862412897598,53.48837209302325,8,-0.8825994472263066,-0.16748784510343118,0.9644696795770069,30.0
4,7,btc_plus_ndx,43,63.1954061075769,48.837209302325576,0,0.0,0.0,0.0,30.0
4,7,btc_plus_vix,43,90.28720831217099,46.51162790697674,23,-1.75477916623894,0.2985277959644206,2.3798371690808673,30.0
4,7,training_mean,43,55.27996842344929,58.139534883720934,0,0.0,0.0,0.0,30.0
4,7,zero_return,43,56.226996189239415,41.86046511627907,0,0.0,0.0,0.0,30.0
4,8,btc_only,41,44.61204975970125,31.70731707317073,0,0.0,0.0,0.0,30.0
4,8,btc_plus_all,41,53.28829697333629,53.65853658536586,0,0.0,0.0,0.0,30.0
4,8,btc_plus_dxy,41,44.49129406843166,43.90243902439025,0,0.0,0.0,0.0,30.0
4,8,btc_plus_gold,41,46.539704705556474,56.09756097560976,0,0.0,0.0,0.0,30.0
4,8,btc_plus_ndx,41,43.48820504516051,29.268292682926827,0,0.0,0.0,0.0,30.0
4,8,btc_plus_vix,41,44.71135764876183,34.146341463414636,0,0.0,0.0,0.0,30.0
4,8,training_mean,41,41.687641168685026,43.90243902439025,0,0.0,0.0,0.0,30.0
4,8,zero_return,41,41.46226171924481,56.09756097560976,0,0.0,0.0,0.0,30.0
4,9,btc_only,41,65.30721806451982,58.536585365853654,0,0.0,0.0,0.0,30.0
4,9,btc_plus_all,41,71.93111951480878,41.46341463414634,4,0.24863732304887254,0.6110818131570106,0.5455634605911586,30.0
4,9,btc_plus_dxy,41,65.5493040762332,56.09756097560976,0,0.0,0.0,0.0,30.0
4,9,btc_plus_gold,41,65.46987263714395,58.536585365853654,1,0.6370392523614488,0.7290883978121387,0.0,30.0
4,9,btc_plus_ndx,41,65.96089240965145,56.09756097560976,0,0.0,0.0,0.0,30.0
4,9,btc_plus_vix,41,69.74148450942667,48.78048780487805,2,0.39623880934560596,0.5781381140538056,0.09450225851670435,30.0
4,9,training_mean,41,67.80929476832141,51.21951219512195,0,0.0,0.0,0.0,30.0
4,9,zero_return,41,67.4513965510209,48.78048780487805,0,0.0,0.0,0.0,30.0
4,10,btc_only,39,49.916144487547555,51.28205128205128,7,-0.24028292817372954,0.39034264840005495,0.2729826297350746,30.0
4,10,btc_plus_all,39,49.24887305011632,51.28205128205128,14,-0.7539373610310651,0.5042033044859062,0.7539373610310651,30.0
4,10,btc_plus_dxy,39,50.46155786391538,43.58974358974359,7,-0.32357583636247744,0.3063474645620401,0.32357583636247744,30.0
4,10,btc_plus_gold,39,50.42047253456415,56.41025641025641,14,-0.4923992534129895,0.7696144409575334,0.5431270272893696,30.0
4,10,btc_plus_ndx,39,51.86236024814073,46.15384615384615,6,-0.529774826782925,0.008267300808806333,0.529774826782925,30.0
4,10,btc_plus_vix,39,51.8475641018515,41.02564102564102,7,-0.1786077032327027,0.45253866231484974,0.36927054299067397,30.0
4,10,training_mean,39,44.01402296887667,58.97435897435898,0,0.0,0.0,0.0,30.0
4,10,zero_return,39,44.52982660950628,41.02564102564102,0,0.0,0.0,0.0,30.0
4,11,btc_only,41,61.8528144852994,56.09756097560976,9,0.992476399969533,1.8168094962639714,0.24180340208972417,30.0
4,11,btc_plus_all,41,109.51716352931193,56.09756097560976,5,1.0294396645689652,1.487753535788472,0.1277627867205644,30.0
4,11,btc_plus_dxy,41,72.14620926633378,56.09756097560976,7,0.8692450713078337,1.509237947780595,0.262140009410472,30.0
4,11,btc_plus_gold,41,68.3491581444911,68.29268292682927,6,1.0979901140577342,1.6482981628626714,0.16367749424467393,30.0
4,11,btc_plus_ndx,41,86.25146279406928,53.65853658536586,6,1.425365944964696,1.9781470171615023,0.1277627867205644,30.0
4,11,btc_plus_vix,41,63.80810480254888,48.78048780487805,12,1.0751642019256824,2.1761292651223396,1.2720257370445243,30.0
4,11,training_mean,41,65.00349737231133,56.09756097560976,0,0.0,0.0,0.0,30.0
4,11,zero_return,41,65.17350171252261,43.90243902439025,0,0.0,0.0,0.0,30.0
4,12,btc_only,42,44.10970344909635,52.38095238095239,0,0.0,0.0,0.0,30.0
4,12,btc_plus_all,42,48.50178602723042,59.523809523809526,4,-0.25947015532378215,0.1000747922475842,0.25947015532378215,30.0
4,12,btc_plus_dxy,42,44.72466797034362,47.61904761904761,0,0.0,0.0,0.0,30.0
4,12,btc_plus_gold,42,47.59301275708748,52.38095238095239,1,0.36073395600344504,0.45195294073907544,0.0,30.0
4,12,btc_plus_ndx,42,43.92599085154566,45.23809523809524,0,0.0,0.0,0.0,30.0
4,12,btc_plus_vix,42,44.64747784270408,54.761904761904766,4,-0.11901947628337739,0.2413281240136289,0.2028465270519364,30.0
4,12,training_mean,42,42.01952955760368,64.28571428571429,0,0.0,0.0,0.0,30.0
4,12,zero_return,42,43.65676611831573,35.714285714285715,0,0.0,0.0,0.0,30.0
4,13,btc_only,41,39.08680508779818,39.02439024390244,0,0.0,0.0,0.0,30.0
4,13,btc_plus_all,41,50.51183054544592,39.02439024390244,0,0.0,0.0,0.0,30.0
4,13,btc_plus_dxy,41,49.37616837125597,39.02439024390244,0,0.0,0.0,0.0,30.0
4,13,btc_plus_gold,41,44.418438674945456,41.46341463414634,0,0.0,0.0,0.0,30.0
4,13,btc_plus_ndx,41,40.30723789299574,46.34146341463415,0,0.0,0.0,0.0,30.0
4,13,btc_plus_vix,41,41.123306815755114,39.02439024390244,0,0.0,0.0,0.0,30.0
4,13,training_mean,41,36.54788595931571,58.536585365853654,0,0.0,0.0,0.0,30.0
4,13,zero_return,41,37.661728535008635,41.46341463414634,0,0.0,0.0,0.0,30.0
4,14,btc_only,43,40.88347095878277,65.11627906976744,6,0.25787024664871705,0.8018419021403655,0.19974281650614323,30.0
4,14,btc_plus_all,43,43.5326043987142,58.139534883720934,7,-0.04444866129980074,0.5878273469632544,0.3981947207957526,30.0
4,14,btc_plus_dxy,43,40.911436569536804,55.81395348837209,4,0.07887190952358125,0.4403490174269331,0.2753105856220128,30.0
4,14,btc_plus_gold,43,40.77953069744566,67.44186046511628,6,0.25787024664871705,0.8018419021403655,0.19974281650614323,30.0
4,14,btc_plus_ndx,43,42.87703648699045,48.837209302325576,6,0.25787024664871705,0.8018419021403655,0.19974281650614323,30.0
4,14,btc_plus_vix,43,42.567485407090025,53.48837209302325,6,-0.17627988883117673,0.36442018769775597,0.529559393177037,30.0
4,14,training_mean,43,43.34885438088257,48.837209302325576,0,0.0,0.0,0.0,30.0
4,14,zero_return,43,41.64785450714719,51.162790697674424,0,0.0,0.0,0.0,30.0
4,15,btc_only,41,55.923994528040915,58.536585365853654,5,-0.5990469999988646,-0.1515321749401055,0.9371208964968569,30.0
4,15,btc_plus_all,41,55.6664737474072,53.65853658536586,11,-0.8666483477934084,0.11884393101999624,1.6766456095426707,30.0
4,15,btc_plus_dxy,41,55.142457146551635,58.536585365853654,4,-0.5209909022363735,-0.16294805938831258,0.859330276361292,30.0
4,15,btc_plus_gold,41,54.57880793811476,60.97560975609756,7,-0.053986959148555336,0.5782009452118819,0.9138679354170343,30.0
4,15,btc_plus_ndx,41,56.10995139678361,60.97560975609756,5,-0.5990469999988646,-0.1515321749401055,0.9371208964968569,30.0
4,15,btc_plus_vix,41,55.90948302252153,60.97560975609756,5,-0.5990469999988646,-0.1515321749401055,0.9371208964968569,30.0
4,15,training_mean,41,54.77761796040584,48.78048780487805,0,0.0,0.0,0.0,30.0
4,15,zero_return,41,52.09928989147302,51.21951219512195,0,0.0,0.0,0.0,30.0
4,16,btc_only,39,58.904195384695804,53.84615384615385,0,0.0,0.0,0.0,30.0
4,16,btc_plus_all,39,61.31026168106226,41.02564102564102,7,-1.0367324932698985,-0.4128198660395932,1.0367324932698985,30.0
4,16,btc_plus_dxy,39,56.90506209303896,53.84615384615385,0,0.0,0.0,0.0,30.0
4,16,btc_plus_gold,39,59.69011083101204,38.46153846153847,2,-0.23049850906298186,-0.05104803898163812,0.26131710294159394,30.0
4,16,btc_plus_ndx,39,57.259254450750625,53.84615384615385,0,0.0,0.0,0.0,30.0
4,16,btc_plus_vix,39,58.34705246926855,53.84615384615385,0,0.0,0.0,0.0,30.0
4,16,training_mean,39,58.71136885414936,43.58974358974359,0,0.0,0.0,0.0,30.0
4,16,zero_return,39,58.34795370102851,56.41025641025641,0,0.0,0.0,0.0,30.0
4,17,btc_only,42,71.23228064020321,38.095238095238095,1,-0.016093549238416216,0.07399325527723821,0.016093549238416216,30.0
4,17,btc_plus_all,42,78.8978020371397,45.23809523809524,3,-0.6515205387302103,-0.3840053025905843,0.6515205387302103,30.0
4,17,btc_plus_dxy,42,72.98354901860004,47.61904761904761,2,-0.035097013633400564,0.1451173726661592,0.035097013633400564,30.0
4,17,btc_plus_gold,42,71.11821287485982,47.61904761904761,1,-0.016093549238416216,0.07399325527723821,0.016093549238416216,30.0
4,17,btc_plus_ndx,42,74.77549597145851,47.61904761904761,2,-0.46094568330240504,-0.28239560959198995,0.46094568330240504,30.0
4,17,btc_plus_vix,42,72.18497124149648,45.23809523809524,1,-0.016093549238416216,0.07399325527723821,0.016093549238416216,30.0
4,17,training_mean,42,69.22891321055742,50.0,0,0.0,0.0,0.0,30.0
4,17,zero_return,42,69.22891321055742,50.0,0,0.0,0.0,0.0,30.0
4,18,btc_only,40,54.75012961565467,55.00000000000001,0,0.0,0.0,0.0,30.0
4,18,btc_plus_all,40,54.56227174386076,57.49999999999999,1,-0.3290623746848742,-0.23991588665012165,0.3290623746848742,30.0
4,18,btc_plus_dxy,40,55.59776667388843,60.0,0,0.0,0.0,0.0,30.0
4,18,btc_plus_gold,40,56.19940443682347,55.00000000000001,0,0.0,0.0,0.0,30.0
4,18,btc_plus_ndx,40,55.312643948518556,50.0,0,0.0,0.0,0.0,30.0
4,18,btc_plus_vix,40,55.90366571196076,52.5,0,0.0,0.0,0.0,30.0
4,18,training_mean,40,53.30819613742622,57.49999999999999,0,0.0,0.0,0.0,30.0
4,18,zero_return,40,54.01098320272727,57.49999999999999,0,0.0,0.0,0.0,30.0
4,19,btc_only,43,60.71529226538609,37.2093023255814,2,0.8872063280538356,1.0710268319018779,0.0,30.0
4,19,btc_plus_all,43,66.17001676067271,39.53488372093023,1,0.07227013999484555,0.16262243367921592,0.0,30.0
4,19,btc_plus_dxy,43,61.00418944851519,46.51162790697674,2,0.8872063280538356,1.0710268319018779,0.0,30.0
4,19,btc_plus_gold,43,63.70916371864383,39.53488372093023,1,0.07227013999484555,0.16262243367921592,0.0,30.0
4,19,btc_plus_ndx,43,65.18905319300691,39.53488372093023,1,0.07227013999484555,0.16262243367921592,0.0,30.0
4,19,btc_plus_vix,43,62.20223076905634,41.86046511627907,2,0.8872063280538356,1.0710268319018779,0.0,30.0
4,19,training_mean,43,55.02309870434905,39.53488372093023,0,0.0,0.0,0.0,30.0
4,19,zero_return,43,52.61768024177673,39.53488372093023,0,0.0,0.0,0.0,30.0
4,20,btc_only,34,43.188783948860426,64.70588235294117,7,-0.44922577231025773,0.17963688420954416,0.4756961485436695,30.0
4,20,btc_plus_all,34,49.7281732929538,47.05882352941176,2,-0.46142946585376876,-0.2828804422207676,0.46142946585376876,30.0
4,20,btc_plus_dxy,34,45.09619838890298,55.88235294117647,6,-0.19496128843733418,0.3455999200401072,0.46142946585376876,30.0
4,20,btc_plus_gold,34,42.724912292319424,67.64705882352942,7,-0.44922577231025773,0.17963688420954416,0.4756961485436695,30.0
4,20,btc_plus_ndx,34,44.38030714722068,47.05882352941176,5,-0.31534780045647803,0.1340513629521256,0.47655627310819737,30.0
4,20,btc_plus_vix,34,42.0203861109471,58.82352941176471,6,-0.19496128843733418,0.3455999200401072,0.46142946585376876,30.0
4,20,training_mean,34,44.92670227129146,41.17647058823529,0,0.0,0.0,0.0,30.0
4,20,zero_return,34,43.99244526575928,41.17647058823529,0,0.0,0.0,0.0,30.0
24,1,btc_only,41,125.61577966842917,58.536585365853654,5,-2.1332404985690223,-1.6958625952453565,2.227639244561863,30.0
24,1,btc_plus_all,41,183.67349592282162,53.65853658536586,18,-2.1858679661263314,-0.5913269022730705,2.4648256171866723,30.0
24,1,btc_plus_dxy,41,168.5406930529741,46.34146341463415,10,-2.93573217239943,-2.0634576001844485,3.212551274016584,30.0
24,1,btc_plus_gold,41,125.92801452744314,53.65853658536586,10,-2.279722375362747,-1.400152791429754,2.9869803170393117,30.0
24,1,btc_plus_ndx,41,127.67763994037355,51.21951219512195,3,-0.22744287596796475,0.04211101758389013,0.3236798856021683,30.0
24,1,btc_plus_vix,41,125.05776083933468,48.78048780487805,6,-0.37204803270945996,0.16717198189901694,1.0634567828597286,30.0
24,1,training_mean,41,131.6745870009076,46.34146341463415,41,-6.740291420787258,-3.245321857628547,7.04912411934524,30.0
24,1,zero_return,41,122.9343484464295,53.65853658536586,0,0.0,0.0,0.0,30.0
24,2,btc_only,43,95.51246073205812,46.51162790697674,3,0.5463040039702216,0.8195820952839661,0.06210307006373483,30.0
24,2,btc_plus_all,43,99.78341932333467,46.51162790697674,1,-0.19019801327493369,-0.10063430653650673,0.19019801327493369,30.0
24,2,btc_plus_dxy,43,98.9459865793074,46.51162790697674,0,0.0,0.0,0.0,30.0
24,2,btc_plus_gold,43,95.91702136763976,41.86046511627907,3,0.5463040039702216,0.8195820952839661,0.06210307006373483,30.0
24,2,btc_plus_ndx,43,94.99505830593,48.837209302325576,4,-0.15629714579454834,0.20382850581697198,0.7595510500285951,30.0
24,2,btc_plus_vix,43,94.44727223489609,48.837209302325576,6,-0.5297800764677674,0.008253321556006554,0.759551050028584,30.0
24,2,training_mean,43,89.23117566067994,60.46511627906976,0,0.0,0.0,0.0,30.0
24,2,zero_return,43,90.39038523723396,39.53488372093023,0,0.0,0.0,0.0,30.0
24,3,btc_only,40,164.84673564945402,57.49999999999999,0,0.0,0.0,0.0,30.0
24,3,btc_plus_all,40,164.22584508276157,57.49999999999999,21,0.36228323370841586,2.279878385824796,2.2149600010016868,30.0
24,3,btc_plus_dxy,40,164.03917618725848,57.49999999999999,4,0.4920631954242749,0.8559037722859042,0.3278276664846591,30.0
24,3,btc_plus_gold,40,164.20566332272838,57.49999999999999,20,2.570325845935817,4.440751043771396,1.596100661409805,30.0
24,3,btc_plus_ndx,40,163.60274427549402,65.0,0,0.0,0.0,0.0,30.0
24,3,btc_plus_vix,40,163.0082216276872,60.0,0,0.0,0.0,0.0,30.0
24,3,training_mean,40,166.22685036881296,55.00000000000001,0,0.0,0.0,0.0,30.0
24,3,zero_return,40,166.584475386205,45.0,0,0.0,0.0,0.0,30.0
24,4,btc_only,40,164.6571905565295,42.5,14,-1.0915180182764495,0.161489597786324,3.972468655186756,30.0
24,4,btc_plus_all,40,176.56465877546154,47.5,16,1.052777607059352,2.5221814445861357,2.191195078431629,30.0
24,4,btc_plus_dxy,40,162.85211022540696,57.49999999999999,21,-0.9194700513090459,0.970851338192813,4.114514278311532,30.0
24,4,btc_plus_gold,40,168.14261179692122,50.0,17,1.5905405836079467,3.161794028985243,2.067855035495658,30.0
24,4,btc_plus_ndx,40,171.66834521867597,50.0,25,-0.21186032134460353,2.0606202482487346,3.892479483768907,30.0
24,4,btc_plus_vix,40,166.9404104995884,55.00000000000001,26,-0.11353024282536595,2.2534928400773646,3.8335419347305555,30.0
24,4,training_mean,40,161.2285014657485,55.00000000000001,0,0.0,0.0,0.0,30.0
24,4,zero_return,40,162.23525595412363,45.0,0,0.0,0.0,0.0,30.0
24,5,btc_only,43,241.9900784684955,44.18604651162791,15,-1.9731080752426022,-0.6436382736827229,2.613437646785388,30.0
24,5,btc_plus_all,43,235.79174903128387,51.162790697674424,12,2.854843672506613,3.9789790899547484,0.4327685812386295,30.0
24,5,btc_plus_dxy,43,245.76392958711378,41.86046511627907,8,-3.439040845501806,-2.747780646784437,3.439040845501806,30.0
24,5,btc_plus_gold,43,239.85320856177785,48.837209302325576,8,-1.5124628901344472,-0.8032483757230646,1.7686634872243756,30.0
24,5,btc_plus_ndx,43,247.14728871845722,46.51162790697674,6,-0.16776520336998502,0.37299658885778797,0.7070575765430465,30.0
24,5,btc_plus_vix,43,250.9580514493141,41.86046511627907,4,-0.15986779667941375,0.20024325333245496,0.5187580053351737,30.0
24,5,training_mean,43,217.76047163627214,55.81395348837209,43,-6.623380977101556,-2.949272754306187,10.059434806253265,30.0
24,5,zero_return,43,216.95024455630818,44.18604651162791,0,0.0,0.0,0.0,30.0
24,6,btc_only,40,128.57218911716467,52.5,15,-1.8908007595168974,-0.5599893373124387,2.9678945587558236,30.0
24,6,btc_plus_all,40,168.64533990836512,45.0,0,0.0,0.0,0.0,30.0
24,6,btc_plus_dxy,40,138.7157165459609,47.5,0,0.0,0.0,0.0,30.0
24,6,btc_plus_gold,40,169.87343735594604,45.0,1,-0.21304390477709934,-0.12354883863976429,0.21304390477709934,30.0
24,6,btc_plus_ndx,40,159.63832473458484,47.5,0,0.0,0.0,0.0,30.0
24,6,btc_plus_vix,40,143.33643656081665,47.5,0,0.0,0.0,0.0,30.0
24,6,training_mean,40,126.86849599789278,52.5,0,0.0,0.0,0.0,30.0
24,6,zero_return,40,126.38925049898563,47.5,0,0.0,0.0,0.0,30.0
24,7,btc_only,43,219.65026178489302,48.837209302325576,10,2.9405102455617893,3.878411546922722,0.48872618925893674,30.0
24,7,btc_plus_all,43,253.68903174488764,53.48837209302325,28,0.43480636628214775,3.0013761395731198,3.741930751395517,30.0
24,7,btc_plus_dxy,43,218.6427927636132,58.139534883720934,12,-1.2702165822008449,-0.1998274036963399,3.913694482834895,30.0
24,7,btc_plus_gold,43,212.23622912923415,58.139534883720934,12,2.500412586574874,3.619894503144061,1.9618601312657025,30.0
24,7,btc_plus_ndx,43,222.8695730931025,48.837209302325576,19,-0.2957290120746858,1.4248954841141304,3.5815243536339914,30.0
24,7,btc_plus_vix,43,235.23784962887908,44.18604651162791,18,-0.6128872752616421,1.0105749177195422,2.833180852277317,30.0
24,7,training_mean,43,221.89521402990746,48.837209302325576,0,0.0,0.0,0.0,30.0
24,7,zero_return,43,221.614236770114,51.162790697674424,0,0.0,0.0,0.0,30.0
24,8,btc_only,41,151.19163908301823,39.02439024390244,0,0.0,0.0,0.0,30.0
24,8,btc_plus_all,41,221.56529768390175,39.02439024390244,1,-0.0070814237700833615,0.08303245772389722,0.0070814237700833615,30.0
24,8,btc_plus_dxy,41,170.0305360291006,36.58536585365854,1,-0.0070814237700833615,0.08303245772389722,0.0070814237700833615,30.0
24,8,btc_plus_gold,41,188.05650161602244,36.58536585365854,0,0.0,0.0,0.0,30.0
24,8,btc_plus_ndx,41,155.24862734660724,34.146341463414636,1,-0.0070814237700833615,0.08303245772389722,0.0070814237700833615,30.0
24,8,btc_plus_vix,41,153.46222905186218,34.146341463414636,4,-0.8957627491112841,-0.5398577932304138,1.0202461585047895,30.0
24,8,training_mean,41,119.3681467344608,36.58536585365854,0,0.0,0.0,0.0,30.0
24,8,zero_return,41,117.86562035247393,36.58536585365854,0,0.0,0.0,0.0,30.0
24,9,btc_only,41,199.81544159814715,58.536585365853654,21,4.664807791244918,6.6740050433614195,1.1302877892441443,30.0
24,9,btc_plus_all,41,240.87094802535785,46.34146341463415,13,-1.2640700478022238,-0.10362156312470061,3.722161076693087,30.0
24,9,btc_plus_dxy,41,211.84644445313177,58.536585365853654,11,1.7534927717269166,2.7706076852763273,2.0309956567978515,30.0
24,9,btc_plus_gold,41,199.6155562964105,65.85365853658537,16,2.399891392470188,3.8917790119357143,1.7599552750728997,30.0
24,9,btc_plus_ndx,41,202.91949550784253,60.97560975609756,25,1.6843650743949778,4.004180793934964,3.466381586273659,30.0
24,9,btc_plus_vix,41,204.81808283469945,56.09756097560976,21,0.590160222319347,2.5125689575361543,2.9586877404950473,30.0
24,9,training_mean,41,201.28754458017323,56.09756097560976,0,0.0,0.0,0.0,30.0
24,9,zero_return,41,202.85895710179918,43.90243902439025,0,0.0,0.0,0.0,30.0
24,10,btc_only,39,166.85769749021264,51.28205128205128,13,-3.6382106620263976,-2.5106442412043295,3.9294794015400814,30.0
24,10,btc_plus_all,39,235.00442226774683,56.41025641025641,31,-4.198896206823511,-1.49453452428,6.482194306782807,30.0
24,10,btc_plus_dxy,39,164.30523146083613,58.97435897435898,26,-2.3018046516409485,0.008721663422761594,5.722681649671657,30.0
24,10,btc_plus_gold,39,203.1061983798779,53.84615384615385,35,-6.114402332981839,-3.1197521692420516,7.035447871708078,30.0
24,10,btc_plus_ndx,39,173.7167501195744,51.28205128205128,21,-3.513270009412728,-1.6778799955838641,5.254960054915269,30.0
24,10,btc_plus_vix,39,184.68761561547305,35.8974358974359,17,-5.5846650701693035,-4.139145102262908,5.870050343571831,30.0
24,10,training_mean,39,161.76859314763377,53.84615384615385,0,0.0,0.0,0.0,30.0
24,10,zero_return,39,161.0677902822313,46.15384615384615,0,0.0,0.0,0.0,30.0
24,11,btc_only,41,175.91174131279925,58.536585365853654,26,5.069342731302373,7.570599279070955,2.0347082806792094,30.0
24,11,btc_plus_all,41,170.05060804685115,65.85365853658537,20,6.173089703308321,8.117006222751577,1.2210525359992008,30.0
24,11,btc_plus_dxy,41,190.11766655731282,53.65853658536586,13,4.791003830593321,6.035849159952633,2.0347082806792094,30.0
24,11,btc_plus_gold,41,177.22156771229945,53.65853658536586,24,5.421797064057365,7.73790549259028,2.0347082806791983,30.0
24,11,btc_plus_ndx,41,177.83292663107125,68.29268292682927,22,5.610838974576704,7.737209357370345,2.0347082806792094,30.0
24,11,btc_plus_vix,41,172.00950422625118,73.17073170731707,28,6.425228662822957,9.158212759169416,2.0347082806792094,30.0
24,11,training_mean,41,187.29833901893144,56.09756097560976,41,4.1203362864068005,8.047247074073628,4.03275334412363,30.0
24,11,zero_return,41,188.23545145713032,43.90243902439025,0,0.0,0.0,0.0,30.0
24,12,btc_only,42,125.29838722756674,54.761904761904766,8,-1.5343636659543414,-0.8253389170510661,1.5343636659543414,30.0
24,12,btc_plus_all,42,129.2520806040527,50.0,20,0.8309634239527686,2.666030168068434,1.620541773230344,30.0
24,12,btc_plus_dxy,42,133.7488848741647,50.0,24,-0.07469424164295857,2.109275706633018,2.454363156894246,30.0
24,12,btc_plus_gold,42,140.58726780405502,54.761904761904766,36,-0.12360197859897504,3.1685389886913162,4.147065691001684,30.0
24,12,btc_plus_ndx,42,129.20632498577598,50.0,5,0.6850461510072847,1.1410712157079228,0.22732933081061057,30.0
24,12,btc_plus_vix,42,122.7736142477764,54.761904761904766,7,-0.0872015206380472,0.544712810990533,0.599305966383612,30.0
24,12,training_mean,42,119.82767063129326,54.761904761904766,42,-1.6222783715025058,2.1680217700115634,5.439777497014675,30.0
24,12,zero_return,42,118.62787839057268,45.23809523809524,0,0.0,0.0,0.0,30.0
24,13,btc_only,41,99.81253427058142,60.97560975609756,10,0.6206519302982993,1.5325934386823947,0.7588141247913294,30.0
24,13,btc_plus_all,41,142.40415468020052,39.02439024390244,5,0.20049770620693685,0.65331014634471,0.4467413557327715,30.0
24,13,btc_plus_dxy,41,131.6547176482939,39.02439024390244,8,-0.4439839415744662,0.27521906137482066,0.764306452854191,30.0
24,13,btc_plus_gold,41,111.0408613858403,46.34146341463415,4,-0.4222882162644548,-0.06367431142519919,0.4467413557327715,30.0
24,13,btc_plus_ndx,41,117.35924498476766,41.46341463414634,1,0.017106467087146804,0.1072930212263401,0.0,30.0
24,13,btc_plus_vix,41,113.49336939347171,46.34146341463415,5,-0.11360398374336,0.33712492763469104,0.7588141247913405,30.0
24,13,training_mean,41,98.66325909326947,58.536585365853654,0,0.0,0.0,0.0,30.0
24,13,zero_return,41,100.80242676289056,41.46341463414634,0,0.0,0.0,0.0,30.0
24,14,btc_only,43,145.13172416139966,48.837209302325576,22,-6.320031269600445,-4.457928699614911,6.965036717885853,30.0
24,14,btc_plus_all,43,171.35735465604142,53.48837209302325,20,-3.316571418140901,-1.5656729210007159,4.0362510857381295,30.0
24,14,btc_plus_dxy,43,149.85489527102615,41.86046511627907,15,-3.5261661676447176,-2.220971480940026,3.909240023118521,30.0
24,14,btc_plus_gold,43,151.82136614739235,55.81395348837209,20,-3.6072718711169016,-1.8622586730115187,4.160253488701637,30.0
24,14,btc_plus_ndx,43,148.20138722831499,46.51162790697674,17,-4.079871429506676,-2.608017933914708,4.624764953329152,30.0
24,14,btc_plus_vix,43,143.7830180261271,48.837209302325576,20,-3.188607836675761,-1.4351174972798697,3.909240023118521,30.0
24,14,training_mean,43,126.32644990277853,58.139534883720934,43,-5.114686340120588,-1.3776774086604493,6.288791212457645,30.0
24,14,zero_return,43,124.5636551903337,41.86046511627907,0,0.0,0.0,0.0,30.0
24,15,btc_only,41,162.8127721887887,41.46341463414634,1,0.03803122248453583,0.1282806451612828,0.0,30.0
24,15,btc_plus_all,41,166.85906369363616,46.34146341463415,20,-5.349114912084907,-3.6393571522783996,5.725483482493631,30.0
24,15,btc_plus_dxy,41,166.65328077169872,48.78048780487805,0,0.0,0.0,0.0,30.0
24,15,btc_plus_gold,41,170.69171574719968,39.02439024390244,8,-4.209312051295266,-3.5251749283444545,4.209312051295266,30.0
24,15,btc_plus_ndx,41,159.28383847964716,58.536585365853654,1,0.03803122248453583,0.1282806451612828,0.0,30.0
24,15,btc_plus_vix,41,165.49276261700263,53.65853658536586,3,-1.1405577013949841,-0.8753934385851592,1.2729299025178609,30.0
24,15,training_mean,41,159.55197409236828,48.78048780487805,0,0.0,0.0,0.0,30.0
24,15,zero_return,41,159.32172665689777,51.21951219512195,0,0.0,0.0,0.0,30.0
24,16,btc_only,39,191.65485283292008,48.717948717948715,0,0.0,0.0,0.0,30.0
24,16,btc_plus_all,39,251.56389006463863,51.28205128205128,3,0.3912418158504405,0.6637748658669507,0.024399881113013056,30.0
24,16,btc_plus_dxy,39,196.42800814681124,48.717948717948715,6,-1.1975071715755958,-0.6644942648410646,1.3089411497412162,30.0
24,16,btc_plus_gold,39,198.20185796415197,56.41025641025641,0,0.0,0.0,0.0,30.0
24,16,btc_plus_ndx,39,193.35349563444134,51.28205128205128,0,0.0,0.0,0.0,30.0
24,16,btc_plus_vix,39,193.00762734688303,56.41025641025641,5,1.2034090990670876,1.6628678073300263,0.3520702473411963,30.0
24,16,training_mean,39,190.46360847488862,46.15384615384615,0,0.0,0.0,0.0,30.0
24,16,zero_return,39,190.1567505497019,46.15384615384615,0,0.0,0.0,0.0,30.0
24,17,btc_only,42,190.83424085166135,52.38095238095239,11,-2.0369530548303705,-1.0656362582994072,3.920487895442304,30.0
24,17,btc_plus_all,42,204.97564475607317,42.857142857142854,15,-2.4243297763427707,-1.1018909573567215,3.072040787395436,30.0
24,17,btc_plus_dxy,42,211.0823216453722,35.714285714285715,15,-5.0124148609348325,-3.730478618486388,5.0124148609348325,30.0
24,17,btc_plus_gold,42,197.50083226596792,52.38095238095239,5,-0.7806831931755465,-0.3343994559679486,2.2540742790061685,30.0
24,17,btc_plus_ndx,42,190.1826394640223,45.23809523809524,23,-1.760364735610176,0.29269632317439065,4.672580768574086,30.0
24,17,btc_plus_vix,42,183.69137525766885,54.761904761904766,18,-2.9964159830912163,-1.416936444351391,3.7631767527461,30.0
24,17,training_mean,42,186.08137402402807,52.38095238095239,0,0.0,0.0,0.0,30.0
24,17,zero_return,42,185.87255087558978,52.38095238095239,0,0.0,0.0,0.0,30.0
24,18,btc_only,40,147.7574745865487,40.0,0,0.0,0.0,0.0,30.0
24,18,btc_plus_all,40,159.82347725765095,47.5,17,-4.977605603667568,-3.521468052737309,5.446805634715435,30.0
24,18,btc_plus_dxy,40,142.47531914686587,55.00000000000001,11,-1.0748549115647488,-0.09188469635210694,1.5428177970851165,30.0
24,18,btc_plus_gold,40,157.44500878857647,35.0,6,-1.5948742975544383,-1.0648484594471985,2.099521184960129,30.0
24,18,btc_plus_ndx,40,158.33436439622616,37.5,6,-1.544497753315821,-1.0140934922538092,1.9738188776621035,30.0
24,18,btc_plus_vix,40,154.28501286244546,42.5,2,-1.515846219637862,-1.3414080934916583,1.515846219637862,30.0
24,18,training_mean,40,147.54536542023212,42.5,0,0.0,0.0,0.0,30.0
24,18,zero_return,40,144.600334487714,42.5,0,0.0,0.0,0.0,30.0
24,19,btc_only,43,137.92630294686114,48.837209302325576,0,0.0,0.0,0.0,30.0
24,19,btc_plus_all,43,153.00484783544223,48.837209302325576,30,1.6460098855239913,4.43427225731039,2.185431609401711,30.0
24,19,btc_plus_dxy,43,140.99986721584406,44.18604651162791,1,-0.19832654477960343,-0.10878726025680407,0.19832654477960343,30.0
24,19,btc_plus_gold,43,138.48051895892212,44.18604651162791,0,0.0,0.0,0.0,30.0
24,19,btc_plus_ndx,43,144.58202023919014,55.81395348837209,29,1.368667911668675,4.054931377074977,2.030020181135228,30.0
24,19,btc_plus_vix,43,133.9545400580229,48.837209302325576,2,0.5062615119334257,0.6885888731342549,0.19832654477960343,30.0
24,19,training_mean,43,137.91844374991337,46.51162790697674,0,0.0,0.0,0.0,30.0
24,19,zero_return,43,133.84631110888822,46.51162790697674,0,0.0,0.0,0.0,30.0
24,20,btc_only,33,129.99814220921542,45.45454545454545,6,-2.2334821190637344,-1.7082359235092714,2.2334821190637344,30.0
24,20,btc_plus_all,33,146.18994125104697,45.45454545454545,3,-1.0405150771642724,-0.7748679992837015,1.0405150771642724,30.0
24,20,btc_plus_dxy,33,131.94267453643172,30.303030303030305,4,-1.2219731923460597,-0.8679251304348434,1.4031590070858524,30.0
24,20,btc_plus_gold,33,130.76547444867415,33.33333333333333,4,-1.1621340219547194,-0.8077447312694552,1.3434295980371047,30.0
24,20,btc_plus_ndx,33,134.538245260817,42.42424242424242,2,-0.9664150919763359,-0.7898360991426046,0.9664150919763359,30.0
24,20,btc_plus_vix,33,130.84762780973512,36.36363636363637,8,-0.8946102501550701,-0.17962860832069216,1.3596932999732414,30.0
24,20,training_mean,33,121.46460170157766,48.484848484848484,0,0.0,0.0,0.0,30.0
24,20,zero_return,33,121.375256723269,51.515151515151516,0,0.0,0.0,0.0,30.0
