horizon_hours,model,samples,mae_bps,rmse_bps,oos_r2_vs_training_mean,direction_accuracy_pct,always_up_accuracy_pct,up_rate_pct,toy_trades,toy_net_return_pct,toy_same_trades_zero_cost_return_pct,toy_max_drawdown_pct,toy_exposure_pct,mae_improvement_vs_btc_bps,mae_improvement_ci_low_bps,mae_improvement_ci_high_bps,mae_p_value,mae_holm_p_value,passes_primary_test
4,zero_return,817,52.628720404220864,76.37247200946963,-0.000227511555453086,,54.100367197062425,0.0,0,0.0,0.0,0.0,30.0,,,,,,False
4,training_mean,817,52.991114237581165,76.36378568167116,0.0,52.998776009791925,54.100367197062425,85.67931456548348,0,0.0,0.0,0.0,30.0,,,,,,False
4,btc_only,817,53.47614117400851,77.16169985789469,-0.02100688995712363,51.897184822521425,54.100367197062425,61.56670746634026,54,-0.4504073323207014,4.511497939086118,2.1213620987966864,30.0,,,,,,False
4,btc_plus_ndx,817,56.39239934047389,80.01259985410253,-0.09784711307488281,48.592411260709916,54.100367197062425,52.63157894736842,52,-0.9052061456477745,3.8457456761749276,1.5531167260024015,30.0,-2.916258166465374,-5.204050181644386,-1.1596233536575324,0.008995502248875561,0.0239880059970015,False
4,btc_plus_dxy,817,55.33137695252057,79.12683194212478,-0.07367454197754775,50.55079559363526,54.100367197062425,50.42839657282742,56,-0.9910738711781497,4.1301503684779695,2.6344532841869217,30.0,-1.8552357785120606,-2.974609355244882,-0.8722744869366893,0.0029985007496251873,0.01199400299850075,False
4,btc_plus_gold,817,55.85800436633564,79.8569942831686,-0.09358115961047897,53.24357405140759,54.100367197062425,51.65238678090576,81,-0.621556767469944,6.900465389344745,2.3508359448558225,30.0,-2.3818631923271343,-3.721799527630282,-1.2014622254760672,0.0009995002498750624,0.0069965017491254375,False
4,btc_plus_vix,817,56.70231185021317,80.26720359024172,-0.10484502824054043,48.592411260709916,54.100367197062425,55.079559363525085,94,0.08556982836211979,8.931090994459456,2.666550970337489,30.0,-3.2261706762046614,-5.690601309449271,-1.2645079501867227,0.008995502248875561,0.0239880059970015,False
4,btc_plus_all,817,62.25446722478862,86.51072136127152,-0.2834086631608763,49.20440636474908,54.100367197062425,47.61321909424724,158,-8.244534210776521,5.772938246396531,8.244534210776521,30.0,-8.778326050780107,-13.235728320323735,-5.41854665049259,0.0004997501249375312,0.004997501249375312,False
24,zero_return,816,153.08085639896993,221.32499870037884,0.008210404863661758,,54.2892156862745,0.0,0,0.0,0.0,0.0,30.0,,,,,,False
24,training_mean,816,153.90269541728756,222.23921606192098,0.0,51.71568627450981,54.2892156862745,74.87745098039215,210,-15.362365101345322,2.2291343295389954,16.185077987701256,30.0,,,,,,False
24,btc_only,816,158.61944114245526,225.35097845742033,-0.028199772135388157,50.0,54.2892156862745,54.53431372549019,180,-9.198335061054363,6.7654920979331346,11.633035097013932,30.0,,,,,,False
24,btc_plus_ndx,816,163.894584686963,228.3506004149124,-0.055754455302649,50.122549019607845,54.2892156862745,44.36274509803921,210,-3.8117791908808596,16.211677561221926,9.211849293936869,30.0,-5.27514354450774,-8.464632601599902,-2.3146184525341047,0.001999000499750125,0.009995002498750623,False
24,btc_plus_dxy,816,167.34363518674095,231.803376744593,-0.0879229125210601,47.91666666666667,54.2892156862745,41.911764705882355,190,-15.695553430599485,0.007598936581643123,16.090178911087794,30.0,-8.7241940442857,-13.187864819640314,-4.67204032540833,0.0009995002498750624,0.0069965017491254375,False
24,btc_plus_gold,816,167.24831570529247,232.68200745640965,-0.09618589894985319,49.26470588235294,54.2892156862745,43.01470588235294,229,-7.3671017296759285,13.83951868290123,14.709293192988614,30.0,-8.628874562837206,-13.351609236098138,-4.3722243123651685,0.0004997501249375312,0.004997501249375312,False
24,btc_plus_vix,816,162.05940261280898,228.63366351022896,-0.05837350116873852,49.50980392156863,54.2892156862745,43.01470588235294,200,-9.49704033287998,8.34840518851876,10.890964865966302,30.0,-3.4399614703537424,-6.038781419200937,-0.7750558835228494,0.0079960019990005,0.0239880059970015,False
24,btc_plus_all,816,183.86846954646882,248.74981102917317,-0.25280686954429266,49.38725490196079,54.2892156862745,49.754901960784316,294,-11.083238740702395,15.852624624046353,17.83991721474134,30.0,-25.24902840401354,-34.75878213772314,-16.7761027706126,0.0004997501249375312,0.004997501249375312,False
