horizon_hours,model,scenario,fee_bps_per_side,slippage_bps_per_side,toy_trades,toy_net_return_pct,toy_same_trades_zero_cost_return_pct,toy_max_drawdown_pct,toy_exposure_pct
4,btc_only,zero_cost_upper_bound,0,0,503,10.650026676966618,10.650026676966306,5.515730550727493,30.0
4,btc_only,configured,10,5,54,-0.450407332320657,4.511497939086118,2.121362098796664,30.0
4,btc_only,stress_2x,20,10,8,-1.2273191627798274,0.20310727349790447,1.3738524780570915,30.0
4,btc_plus_all,zero_cost_upper_bound,0,0,389,10.946969967113152,10.946969967112796,3.437571746594581,30.0
4,btc_plus_all,configured,10,5,158,-8.244534210776367,5.772938246396442,8.244534210776367,30.0
4,btc_plus_all,stress_2x,20,10,41,-5.672645421298328,1.5427844646051403,5.672645421298328,30.0
4,btc_plus_dxy,zero_cost_upper_bound,0,0,412,9.319878235282175,9.319878235281575,2.9251456668306752,30.0
4,btc_plus_dxy,configured,10,5,56,-0.9910738711781053,4.1301503684779695,2.6344532841868995,30.0
4,btc_plus_dxy,stress_2x,20,10,10,-2.3213260026121563,-0.5532726734912896,2.42717767731353,30.0
4,btc_plus_gold,zero_cost_upper_bound,0,0,422,8.351781167336059,8.351781167335615,4.769054527609451,30.0
4,btc_plus_gold,configured,10,5,81,-0.6215567674698885,6.900465389344657,2.3508359448558003,30.0
4,btc_plus_gold,stress_2x,20,10,12,-1.7867557811738655,0.3546632519330961,1.8310072009387945,30.0
4,btc_plus_ndx,zero_cost_upper_bound,0,0,430,8.714056399694714,8.714056399694158,3.7316929852545533,30.0
4,btc_plus_ndx,configured,10,5,52,-0.9052061456477412,3.845745676174883,1.5531167260023904,30.0
4,btc_plus_ndx,stress_2x,20,10,8,-1.9989207705992995,-0.5829560772499187,1.9989207705992995,30.0
4,btc_plus_vix,zero_cost_upper_bound,0,0,450,6.44652750303496,6.446527503034338,4.509740279319652,30.0
4,btc_plus_vix,configured,10,5,94,0.08556982836220861,8.931090994459323,2.666550970337467,30.0
4,btc_plus_vix,stress_2x,20,10,28,-4.915562805294405,-0.011148787477843758,4.915562805294405,30.0
4,training_mean,zero_cost_upper_bound,0,0,700,13.918689503310123,13.918689503309235,3.5303300050147812,30.0
4,training_mean,configured,10,5,0,0.0,0.0,0.0,30.0
4,training_mean,stress_2x,20,10,0,0.0,0.0,0.0,30.0
4,zero_return,zero_cost_upper_bound,0,0,0,0.0,0.0,0.0,30.0
4,zero_return,configured,10,5,0,0.0,0.0,0.0,30.0
4,zero_return,stress_2x,20,10,0,0.0,0.0,0.0,30.0
24,btc_only,zero_cost_upper_bound,0,0,445,8.585873160538826,8.58587316053816,11.11035091504382,30.0
24,btc_only,configured,10,5,180,-9.198335061054275,6.765492097932979,11.633035097013888,30.0
24,btc_only,stress_2x,20,10,78,-6.8958627811870565,7.136413109093054,10.892248445207574,30.0
24,btc_plus_all,zero_cost_upper_bound,0,0,406,10.912167841845655,10.912167841845388,11.754614877613424,30.0
24,btc_plus_all,configured,10,5,294,-11.08323874070225,15.852624624046108,17.839917214741252,30.0
24,btc_plus_all,stress_2x,20,10,190,-24.928600769485744,5.629323362324246,24.943888599662365,30.0
24,btc_plus_dxy,zero_cost_upper_bound,0,0,342,9.611749296983142,9.611749296982829,11.620455129179119,30.0
24,btc_plus_dxy,configured,10,5,190,-15.695553430599386,0.007598936581665328,16.090178911087694,30.0
24,btc_plus_dxy,stress_2x,20,10,105,-10.06965385792913,8.633109320809119,13.307915182292085,30.0
24,btc_plus_gold,zero_cost_upper_bound,0,0,351,15.711501459069343,15.711501459068744,11.507484123916056,30.0
24,btc_plus_gold,configured,10,5,229,-7.367101729675863,13.839518682901142,14.709293192988559,30.0
24,btc_plus_gold,stress_2x,20,10,135,-12.567594991113385,11.474671696312889,15.456106991188989,30.0
24,btc_plus_ndx,zero_cost_upper_bound,0,0,362,31.157659898872623,31.157659898872026,6.328910783730235,30.0
24,btc_plus_ndx,configured,10,5,210,-3.8117791908807486,16.211677561221748,9.211849293936824,30.0
24,btc_plus_ndx,stress_2x,20,10,114,-10.713124676882014,9.617600904930711,12.390678776909025,30.0
24,btc_plus_vix,zero_cost_upper_bound,0,0,351,11.880764144170097,11.880764144169609,7.078278348088151,30.0
24,btc_plus_vix,configured,10,5,200,-9.497040332879836,8.348405188518582,10.890964865966202,30.0
24,btc_plus_vix,stress_2x,20,10,101,-5.352910921012222,13.533050287556204,9.455062920573344,30.0
24,training_mean,zero_cost_upper_bound,0,0,611,22.771587312987542,22.771587312986984,9.172557991168674,30.0
24,training_mean,configured,10,5,210,-15.362365101345233,2.2291343295388177,16.18507798770117,30.0
24,training_mean,stress_2x,20,10,0,0.0,0.0,0.0,30.0
24,zero_return,zero_cost_upper_bound,0,0,0,0.0,0.0,0.0,30.0
24,zero_return,configured,10,5,0,0.0,0.0,0.0,30.0
24,zero_return,stress_2x,20,10,0,0.0,0.0,0.0,30.0
